"split","base_model","peer_model","group","threshold","paired_tasks","base_success_rate","peer_success_rate","peer_minus_base_success"
"shadow_development","arfa-llama3.1:8b-8k","arfa-qwen2.5-coder:14b-8k","all","0.35","40","0.225","0.5","0.275"
"shadow_development","arfa-llama3.1:8b-8k","arfa-qwen2.5-coder:14b-8k","low_first_residual","0.35","36","0.2222222222222222","0.5","0.2777777777777778"
"shadow_development","arfa-llama3.1:8b-8k","arfa-qwen2.5-coder:14b-8k","high_first_residual","0.35","4","0.25","0.5","0.25"
"shadow_development","arfa-llama3.1:8b-8k","arfa-qwen2.5-coder:7b-8k","all","0.35","40","0.225","0.325","0.1"
"shadow_development","arfa-llama3.1:8b-8k","arfa-qwen2.5-coder:7b-8k","low_first_residual","0.35","36","0.2222222222222222","0.3611111111111111","0.1388888888888889"
"shadow_development","arfa-llama3.1:8b-8k","arfa-qwen2.5-coder:7b-8k","high_first_residual","0.35","4","0.25","0","-0.25"
"shadow_development","arfa-qwen2.5-coder:14b-8k","arfa-llama3.1:8b-8k","all","0.35","40","0.5","0.225","-0.275"
"shadow_development","arfa-qwen2.5-coder:14b-8k","arfa-llama3.1:8b-8k","low_first_residual","0.35","34","0.5294117647058824","0.23529411764705882","-0.29411764705882354"
"shadow_development","arfa-qwen2.5-coder:14b-8k","arfa-llama3.1:8b-8k","high_first_residual","0.35","6","0.3333333333333333","0.16666666666666666","-0.16666666666666666"
"shadow_development","arfa-qwen2.5-coder:14b-8k","arfa-qwen2.5-coder:7b-8k","all","0.35","40","0.5","0.325","-0.175"
"shadow_development","arfa-qwen2.5-coder:14b-8k","arfa-qwen2.5-coder:7b-8k","low_first_residual","0.35","34","0.5294117647058824","0.38235294117647056","-0.1470588235294118"
"shadow_development","arfa-qwen2.5-coder:14b-8k","arfa-qwen2.5-coder:7b-8k","high_first_residual","0.35","6","0.3333333333333333","0","-0.3333333333333333"
"shadow_development","arfa-qwen2.5-coder:7b-8k","arfa-llama3.1:8b-8k","all","0.35","40","0.325","0.225","-0.1"
"shadow_development","arfa-qwen2.5-coder:7b-8k","arfa-llama3.1:8b-8k","low_first_residual","0.35","35","0.37142857142857144","0.22857142857142856","-0.14285714285714288"
"shadow_development","arfa-qwen2.5-coder:7b-8k","arfa-llama3.1:8b-8k","high_first_residual","0.35","5","0","0.2","0.2"
"shadow_development","arfa-qwen2.5-coder:7b-8k","arfa-qwen2.5-coder:14b-8k","all","0.35","40","0.325","0.5","0.175"
"shadow_development","arfa-qwen2.5-coder:7b-8k","arfa-qwen2.5-coder:14b-8k","low_first_residual","0.35","35","0.37142857142857144","0.5142857142857142","0.1428571428571428"
"shadow_development","arfa-qwen2.5-coder:7b-8k","arfa-qwen2.5-coder:14b-8k","high_first_residual","0.35","5","0","0.4","0.4"
"shadow_test","arfa-llama3.1:8b-8k","arfa-qwen2.5-coder:14b-8k","all","0.35","40","0.225","0.35","0.12499999999999997"
"shadow_test","arfa-llama3.1:8b-8k","arfa-qwen2.5-coder:14b-8k","low_first_residual","0.35","31","0.22580645161290322","0.3548387096774194","0.12903225806451615"
"shadow_test","arfa-llama3.1:8b-8k","arfa-qwen2.5-coder:14b-8k","high_first_residual","0.35","9","0.2222222222222222","0.3333333333333333","0.1111111111111111"
"shadow_test","arfa-llama3.1:8b-8k","arfa-qwen2.5-coder:7b-8k","all","0.35","40","0.225","0.15","-0.07500000000000001"
"shadow_test","arfa-llama3.1:8b-8k","arfa-qwen2.5-coder:7b-8k","low_first_residual","0.35","31","0.22580645161290322","0.16129032258064516","-0.06451612903225806"
"shadow_test","arfa-llama3.1:8b-8k","arfa-qwen2.5-coder:7b-8k","high_first_residual","0.35","9","0.2222222222222222","0.1111111111111111","-0.1111111111111111"
"shadow_test","arfa-qwen2.5-coder:14b-8k","arfa-llama3.1:8b-8k","all","0.35","40","0.35","0.225","-0.12499999999999997"
"shadow_test","arfa-qwen2.5-coder:14b-8k","arfa-llama3.1:8b-8k","low_first_residual","0.35","33","0.3939393939393939","0.21212121212121213","-0.1818181818181818"
"shadow_test","arfa-qwen2.5-coder:14b-8k","arfa-llama3.1:8b-8k","high_first_residual","0.35","7","0.14285714285714285","0.2857142857142857","0.14285714285714285"
"shadow_test","arfa-qwen2.5-coder:14b-8k","arfa-qwen2.5-coder:7b-8k","all","0.35","40","0.35","0.15","-0.19999999999999998"
"shadow_test","arfa-qwen2.5-coder:14b-8k","arfa-qwen2.5-coder:7b-8k","low_first_residual","0.35","33","0.3939393939393939","0.18181818181818182","-0.2121212121212121"
"shadow_test","arfa-qwen2.5-coder:14b-8k","arfa-qwen2.5-coder:7b-8k","high_first_residual","0.35","7","0.14285714285714285","0","-0.14285714285714285"
"shadow_test","arfa-qwen2.5-coder:7b-8k","arfa-llama3.1:8b-8k","all","0.35","40","0.15","0.225","0.07500000000000001"
"shadow_test","arfa-qwen2.5-coder:7b-8k","arfa-llama3.1:8b-8k","low_first_residual","0.35","33","0.15151515151515152","0.21212121212121213","0.06060606060606061"
"shadow_test","arfa-qwen2.5-coder:7b-8k","arfa-llama3.1:8b-8k","high_first_residual","0.35","6","0.16666666666666666","0.3333333333333333","0.16666666666666666"
"shadow_test","arfa-qwen2.5-coder:7b-8k","arfa-llama3.1:8b-8k","no_executed_step","0.35","1","0","0","0"
"shadow_test","arfa-qwen2.5-coder:7b-8k","arfa-qwen2.5-coder:14b-8k","all","0.35","40","0.15","0.35","0.19999999999999998"
"shadow_test","arfa-qwen2.5-coder:7b-8k","arfa-qwen2.5-coder:14b-8k","low_first_residual","0.35","33","0.15151515151515152","0.36363636363636365","0.21212121212121213"
"shadow_test","arfa-qwen2.5-coder:7b-8k","arfa-qwen2.5-coder:14b-8k","high_first_residual","0.35","6","0.16666666666666666","0.3333333333333333","0.16666666666666666"
"shadow_test","arfa-qwen2.5-coder:7b-8k","arfa-qwen2.5-coder:14b-8k","no_executed_step","0.35","1","0","0","0"
"shadow_validation","arfa-llama3.1:8b-8k","arfa-qwen2.5-coder:14b-8k","all","0.35","20","0.15","0.4","0.25"
"shadow_validation","arfa-llama3.1:8b-8k","arfa-qwen2.5-coder:14b-8k","low_first_residual","0.35","14","0.21428571428571427","0.5","0.2857142857142857"
"shadow_validation","arfa-llama3.1:8b-8k","arfa-qwen2.5-coder:14b-8k","high_first_residual","0.35","6","0","0.16666666666666666","0.16666666666666666"
"shadow_validation","arfa-llama3.1:8b-8k","arfa-qwen2.5-coder:7b-8k","all","0.35","20","0.15","0.15","0.0"
"shadow_validation","arfa-llama3.1:8b-8k","arfa-qwen2.5-coder:7b-8k","low_first_residual","0.35","14","0.21428571428571427","0.14285714285714285","-0.07142857142857142"
"shadow_validation","arfa-llama3.1:8b-8k","arfa-qwen2.5-coder:7b-8k","high_first_residual","0.35","6","0","0.16666666666666666","0.16666666666666666"
"shadow_validation","arfa-qwen2.5-coder:14b-8k","arfa-llama3.1:8b-8k","all","0.35","20","0.4","0.15","-0.25"
"shadow_validation","arfa-qwen2.5-coder:14b-8k","arfa-llama3.1:8b-8k","low_first_residual","0.35","18","0.4444444444444444","0.16666666666666666","-0.2777777777777778"
"shadow_validation","arfa-qwen2.5-coder:14b-8k","arfa-llama3.1:8b-8k","high_first_residual","0.35","2","0","0","0"
"shadow_validation","arfa-qwen2.5-coder:14b-8k","arfa-qwen2.5-coder:7b-8k","all","0.35","20","0.4","0.15","-0.25"
"shadow_validation","arfa-qwen2.5-coder:14b-8k","arfa-qwen2.5-coder:7b-8k","low_first_residual","0.35","18","0.4444444444444444","0.16666666666666666","-0.2777777777777778"
"shadow_validation","arfa-qwen2.5-coder:14b-8k","arfa-qwen2.5-coder:7b-8k","high_first_residual","0.35","2","0","0","0"
"shadow_validation","arfa-qwen2.5-coder:7b-8k","arfa-llama3.1:8b-8k","all","0.35","20","0.15","0.15","0.0"
"shadow_validation","arfa-qwen2.5-coder:7b-8k","arfa-llama3.1:8b-8k","low_first_residual","0.35","17","0.17647058823529413","0.11764705882352941","-0.05882352941176472"
"shadow_validation","arfa-qwen2.5-coder:7b-8k","arfa-llama3.1:8b-8k","high_first_residual","0.35","3","0","0.3333333333333333","0.3333333333333333"
"shadow_validation","arfa-qwen2.5-coder:7b-8k","arfa-qwen2.5-coder:14b-8k","all","0.35","20","0.15","0.4","0.25"
"shadow_validation","arfa-qwen2.5-coder:7b-8k","arfa-qwen2.5-coder:14b-8k","low_first_residual","0.35","17","0.17647058823529413","0.35294117647058826","0.17647058823529413"
"shadow_validation","arfa-qwen2.5-coder:7b-8k","arfa-qwen2.5-coder:14b-8k","high_first_residual","0.35","3","0","0.6666666666666666","0.6666666666666666"
