"model","split","task_id","success","model_calls","total_tokens","trace_path","executed_steps","first_structured_residual","mean_structured_residual","mean_semantic_residual","mean_observation_only_residual","mean_full_residual"
"arfa-llama3.1:8b-8k","shadow_development","intercode-nl2bash-fs1-014","False","4","5410","results/phase1_5_shadow/full/llama3.1-8b/shadow_development/traces.jsonl","3","0.0","0.0","0.9442586302757263","0.0","1.0"
"arfa-llama3.1:8b-8k","shadow_development","intercode-nl2bash-fs1-015","False","7","14247","results/phase1_5_shadow/full/llama3.1-8b/shadow_development/traces.jsonl","6","0.0","0.02777777777777778","0.8753156199430426","0.16666666666666666","0.3611111111111111"
"arfa-llama3.1:8b-8k","shadow_development","intercode-nl2bash-fs1-021","False","4","5203","results/phase1_5_shadow/full/llama3.1-8b/shadow_development/traces.jsonl","3","0.0","0.0","0.8102295597394308","0.0","0.3333333333333333"
"arfa-llama3.1:8b-8k","shadow_development","intercode-nl2bash-fs1-029","True","5","7387","results/phase1_5_shadow/full/llama3.1-8b/shadow_development/traces.jsonl","4","0.0","0.21875000000000006","0.8762320932000875","0.1875","0.75"
"arfa-llama3.1:8b-8k","shadow_development","intercode-nl2bash-fs1-034","False","8","15260","results/phase1_5_shadow/full/llama3.1-8b/shadow_development/traces.jsonl","7","0.0","0.2585034013605442","0.8037422171660832","0.22142857142857145","0.7142857142857143"
"arfa-llama3.1:8b-8k","shadow_development","intercode-nl2bash-fs1-038","False","8","17655","results/phase1_5_shadow/full/llama3.1-8b/shadow_development/traces.jsonl","7","0.0","0.25000000000000006","1.0399955624182309","0.2857142857142857","0.2857142857142857"
"arfa-llama3.1:8b-8k","shadow_development","intercode-nl2bash-fs1-040","False","3","3103","results/phase1_5_shadow/full/llama3.1-8b/shadow_development/traces.jsonl","2","0.0","0.0","0.726456806063652","0.0","1.0"
"arfa-llama3.1:8b-8k","shadow_development","intercode-nl2bash-fs1-045","False","11","28851","results/phase1_5_shadow/full/llama3.1-8b/shadow_development/traces.jsonl","10","0.0","0.4000000000000001","0.8620889939367771","0.32","0.775"
"arfa-llama3.1:8b-8k","shadow_development","intercode-nl2bash-fs1-052","False","3","3586","results/phase1_5_shadow/full/llama3.1-8b/shadow_development/traces.jsonl","2","0.8750000000000001","0.43750000000000006","0.7479420453310013","0.375","1.0"
"arfa-llama3.1:8b-8k","shadow_development","intercode-nl2bash-fs2-005","False","12","33833","results/phase1_5_shadow/full/llama3.1-8b/shadow_development/traces.jsonl","11","0.0","0.5265151515151516","0.8187340355732224","0.6136363636363636","0.7765151515151515"
"arfa-llama3.1:8b-8k","shadow_development","intercode-nl2bash-fs2-007","False","6","9717","results/phase1_5_shadow/full/llama3.1-8b/shadow_development/traces.jsonl","5","0.0","0.10833333333333335","0.668970274925232","0.31","0.7083333333333334"
"arfa-llama3.1:8b-8k","shadow_development","intercode-nl2bash-fs2-016","False","3","3135","results/phase1_5_shadow/full/llama3.1-8b/shadow_development/traces.jsonl","2","0.0","0.0","0.8621084913611412","0.0","0.5"
"arfa-llama3.1:8b-8k","shadow_development","intercode-nl2bash-fs2-022","False","3","3453","results/phase1_5_shadow/full/llama3.1-8b/shadow_development/traces.jsonl","2","0.0","0.0","0.8247977420687675","0.0","0.0"
"arfa-llama3.1:8b-8k","shadow_development","intercode-nl2bash-fs2-026","False","6","10801","results/phase1_5_shadow/full/llama3.1-8b/shadow_development/traces.jsonl","5","0.0","0.1416666666666667","0.7751288816332818","0.11000000000000001","0.30833333333333335"
"arfa-llama3.1:8b-8k","shadow_development","intercode-nl2bash-fs2-027","False","3","3011","results/phase1_5_shadow/full/llama3.1-8b/shadow_development/traces.jsonl","2","0.0","0.0","0.8334861509501934","0.0","0.0"
"arfa-llama3.1:8b-8k","shadow_development","intercode-nl2bash-fs2-032","True","6","8977","results/phase1_5_shadow/full/llama3.1-8b/shadow_development/traces.jsonl","5","0.0","0.06666666666666668","0.9366721369326114","0.0","0.2"
"arfa-llama3.1:8b-8k","shadow_development","intercode-nl2bash-fs2-044","False","4","4877","results/phase1_5_shadow/full/llama3.1-8b/shadow_development/traces.jsonl","3","0.5416666666666667","0.23611111111111113","0.7692952901124954","0.4","0.23611111111111113"
"arfa-llama3.1:8b-8k","shadow_development","intercode-nl2bash-fs2-048","False","10","29737","results/phase1_5_shadow/full/llama3.1-8b/shadow_development/traces.jsonl","9","0.16666666666666669","0.41666666666666674","0.7555729688869582","0.5333333333333333","0.712962962962963"
"arfa-llama3.1:8b-8k","shadow_development","intercode-nl2bash-fs3-001","True","3","3276","results/phase1_5_shadow/full/llama3.1-8b/shadow_development/traces.jsonl","2","0.0","0.0","0.6829763352870941","0.0","0.0"
"arfa-llama3.1:8b-8k","shadow_development","intercode-nl2bash-fs3-004","False","11","28285","results/phase1_5_shadow/full/llama3.1-8b/shadow_development/traces.jsonl","10","0.0","0.6125","0.7670163847506046","0.675","0.775"
"arfa-llama3.1:8b-8k","shadow_development","intercode-nl2bash-fs3-013","True","4","5243","results/phase1_5_shadow/full/llama3.1-8b/shadow_development/traces.jsonl","3","0.16666666666666669","0.11111111111111112","0.7218835006157557","0.0","0.3888888888888889"
"arfa-llama3.1:8b-8k","shadow_development","intercode-nl2bash-fs3-017","True","2","1713","results/phase1_5_shadow/full/llama3.1-8b/shadow_development/traces.jsonl","1","0.0","0.0","0.39508771896362305","0.0","1.0"
"arfa-llama3.1:8b-8k","shadow_development","intercode-nl2bash-fs3-021","False","6","10185","results/phase1_5_shadow/full/llama3.1-8b/shadow_development/traces.jsonl","5","0.0","0.34166666666666673","0.8928934305906295","0.2","0.7416666666666667"
"arfa-llama3.1:8b-8k","shadow_development","intercode-nl2bash-fs3-026","False","5","7919","results/phase1_5_shadow/full/llama3.1-8b/shadow_development/traces.jsonl","4","0.5333333333333333","0.6166666666666667","1.0071757845580578","0.5","0.7333333333333334"
"arfa-llama3.1:8b-8k","shadow_development","intercode-nl2bash-fs3-028","False","2","2659","results/phase1_5_shadow/full/llama3.1-8b/shadow_development/traces.jsonl","1","0.0","0.0","0.7351933419704437","0.0","1.0"
"arfa-llama3.1:8b-8k","shadow_development","intercode-nl2bash-fs3-029","False","12","35589","results/phase1_5_shadow/full/llama3.1-8b/shadow_development/traces.jsonl","10","0.0","0.24791666666666667","0.8823621837422252","0.1","0.6666666666666666"
"arfa-llama3.1:8b-8k","shadow_development","intercode-nl2bash-fs3-031","False","5","7561","results/phase1_5_shadow/full/llama3.1-8b/shadow_development/traces.jsonl","4","0.0","0.09090909090909091","1.0122770904563367","0.25","0.75"
"arfa-llama3.1:8b-8k","shadow_development","intercode-nl2bash-fs3-045","False","9","19614","results/phase1_5_shadow/full/llama3.1-8b/shadow_development/traces.jsonl","8","0.0","0.17708333333333337","0.8689496731385589","0.25","0.875"
"arfa-llama3.1:8b-8k","shadow_development","intercode-nl2bash-fs3-049","False","5","8553","results/phase1_5_shadow/full/llama3.1-8b/shadow_development/traces.jsonl","4","0.0","0.16666666666666669","0.8500332310795784","0.0","1.0"
"arfa-llama3.1:8b-8k","shadow_development","intercode-nl2bash-fs3-055","False","5","7542","results/phase1_5_shadow/full/llama3.1-8b/shadow_development/traces.jsonl","3","0.0","0.22222222222222224","0.7812512218952179","0.0","0.5555555555555556"
"arfa-llama3.1:8b-8k","shadow_development","intercode-nl2bash-fs3-058","False","4","4522","results/phase1_5_shadow/full/llama3.1-8b/shadow_development/traces.jsonl","3","0.0","0.0","0.9109558401008447","0.0","0.3333333333333333"
"arfa-llama3.1:8b-8k","shadow_development","intercode-nl2bash-fs4-003","False","3","3061","results/phase1_5_shadow/full/llama3.1-8b/shadow_development/traces.jsonl","2","0.0","0.0","0.7137484177947044","0.0","0.5"
"arfa-llama3.1:8b-8k","shadow_development","intercode-nl2bash-fs4-004","False","5","7741","results/phase1_5_shadow/full/llama3.1-8b/shadow_development/traces.jsonl","4","0.0","0.2604166666666667","0.7628538939170539","0.25","0.71875"
"arfa-llama3.1:8b-8k","shadow_development","intercode-nl2bash-fs4-006","True","5","6929","results/phase1_5_shadow/full/llama3.1-8b/shadow_development/traces.jsonl","4","0.0","0.13541666666666669","0.8152947947382927","0.25","0.3854166666666667"
"arfa-llama3.1:8b-8k","shadow_development","intercode-nl2bash-fs4-015","False","4","4958","results/phase1_5_shadow/full/llama3.1-8b/shadow_development/traces.jsonl","3","0.0","0.21666666666666667","0.7147982915242513","0.3333333333333333","0.21666666666666667"
"arfa-llama3.1:8b-8k","shadow_development","intercode-nl2bash-fs4-019","True","2","1897","results/phase1_5_shadow/full/llama3.1-8b/shadow_development/traces.jsonl","1","0.8000000000000002","0.8000000000000002","0.6453568637371063","0.2","1.0"
"arfa-llama3.1:8b-8k","shadow_development","intercode-nl2bash-fs4-020","False","2","1737","results/phase1_5_shadow/full/llama3.1-8b/shadow_development/traces.jsonl","1","0.0","0.0","0.4704793691635132","0.0","1.0"
"arfa-llama3.1:8b-8k","shadow_development","intercode-nl2bash-fs4-023","True","2","2049","results/phase1_5_shadow/full/llama3.1-8b/shadow_development/traces.jsonl","1","0.0","0.0","0.857315719127655","0.0","1.0"
"arfa-llama3.1:8b-8k","shadow_development","intercode-nl2bash-fs4-024","True","2","1862","results/phase1_5_shadow/full/llama3.1-8b/shadow_development/traces.jsonl","1","0.0","0.0","0.9832500778138638","0.0","0.0"
"arfa-llama3.1:8b-8k","shadow_development","intercode-nl2bash-fs4-025","False","4","5170","results/phase1_5_shadow/full/llama3.1-8b/shadow_development/traces.jsonl","3","0.0","0.11111111111111112","0.5705598741769791","0.0","0.4444444444444445"
"arfa-llama3.1:8b-8k","shadow_test","intercode-nl2bash-fs1-000","False","3","3422","results/phase1_5_shadow/full/llama3.1-8b/shadow_test/traces.jsonl","2","0.5333333333333333","0.43333333333333335","1.0357094034552574","0.0","0.6666666666666667"
"arfa-llama3.1:8b-8k","shadow_test","intercode-nl2bash-fs1-001","True","2","1968","results/phase1_5_shadow/full/llama3.1-8b/shadow_test/traces.jsonl","1","0.0","0.0","0.8581671863794327","0.0","1.0"
"arfa-llama3.1:8b-8k","shadow_test","intercode-nl2bash-fs1-009","False","3","3217","results/phase1_5_shadow/full/llama3.1-8b/shadow_test/traces.jsonl","2","0.26666666666666666","0.13333333333333333","0.692129097878933","0.275","0.5"
"arfa-llama3.1:8b-8k","shadow_test","intercode-nl2bash-fs1-010","False","6","10591","results/phase1_5_shadow/full/llama3.1-8b/shadow_test/traces.jsonl","5","0.375","0.5333333333333334","0.7390663325786591","0.66","0.6583333333333334"
"arfa-llama3.1:8b-8k","shadow_test","intercode-nl2bash-fs1-016","False","4","5131","results/phase1_5_shadow/full/llama3.1-8b/shadow_test/traces.jsonl","3","0.0","0.0","0.5531278898318609","0.3333333333333333","0.6666666666666666"
"arfa-llama3.1:8b-8k","shadow_test","intercode-nl2bash-fs1-023","False","5","7022","results/phase1_5_shadow/full/llama3.1-8b/shadow_test/traces.jsonl","4","0.0","0.21875000000000003","0.675787553191185","0.25","0.8854166666666667"
"arfa-llama3.1:8b-8k","shadow_test","intercode-nl2bash-fs1-031","False","5","8025","results/phase1_5_shadow/full/llama3.1-8b/shadow_test/traces.jsonl","4","0.36363636363636365","0.4450757575757577","0.897221561986953","0.75","0.6770833333333334"
"arfa-llama3.1:8b-8k","shadow_test","intercode-nl2bash-fs1-032","False","6","10386","results/phase1_5_shadow/full/llama3.1-8b/shadow_test/traces.jsonl","5","0.0","0.21439393939393941","0.7364511013031005","0.4","0.4143939393939394"
"arfa-llama3.1:8b-8k","shadow_test","intercode-nl2bash-fs1-035","True","6","10437","results/phase1_5_shadow/full/llama3.1-8b/shadow_test/traces.jsonl","5","0.0","0.2285714285714286","0.7302339941263198","0.4","0.4"
"arfa-llama3.1:8b-8k","shadow_test","intercode-nl2bash-fs1-051","False","4","5506","results/phase1_5_shadow/full/llama3.1-8b/shadow_test/traces.jsonl","3","0.0","0.5583333333333335","0.8267255077759424","0.6666666666666666","0.9333333333333333"
"arfa-llama3.1:8b-8k","shadow_test","intercode-nl2bash-fs1-057","False","9","20035","results/phase1_5_shadow/full/llama3.1-8b/shadow_test/traces.jsonl","8","0.0","0.25","0.824662231374532","0.3875","0.4322916666666667"
"arfa-llama3.1:8b-8k","shadow_test","intercode-nl2bash-fs1-058","True","7","12557","results/phase1_5_shadow/full/llama3.1-8b/shadow_test/traces.jsonl","6","0.5333333333333333","0.5777777777777778","0.8754482343792915","0.5","0.8777777777777778"
"arfa-llama3.1:8b-8k","shadow_test","intercode-nl2bash-fs2-008","False","3","3291","results/phase1_5_shadow/full/llama3.1-8b/shadow_test/traces.jsonl","2","0.0","0.0","0.7072343714535236","0.0","0.5"
"arfa-llama3.1:8b-8k","shadow_test","intercode-nl2bash-fs2-009","False","9","24477","results/phase1_5_shadow/full/llama3.1-8b/shadow_test/traces.jsonl","8","0.16666666666666669","0.5677083333333335","0.7824030930642039","0.71875","0.6718750000000001"
"arfa-llama3.1:8b-8k","shadow_test","intercode-nl2bash-fs2-011","False","3","3229","results/phase1_5_shadow/full/llama3.1-8b/shadow_test/traces.jsonl","2","0.0","0.16666666666666669","0.781140323728323","0.0","1.0"
"arfa-llama3.1:8b-8k","shadow_test","intercode-nl2bash-fs2-012","False","8","16909","results/phase1_5_shadow/full/llama3.1-8b/shadow_test/traces.jsonl","7","0.26666666666666666","0.2666666666666667","0.8343106753059796","0.2857142857142857","0.3714285714285715"
"arfa-llama3.1:8b-8k","shadow_test","intercode-nl2bash-fs2-019","False","6","10586","results/phase1_5_shadow/full/llama3.1-8b/shadow_test/traces.jsonl","5","0.0","0.2416666666666667","0.6694143861532211","0.15","0.4416666666666667"
"arfa-llama3.1:8b-8k","shadow_test","intercode-nl2bash-fs2-020","True","4","5107","results/phase1_5_shadow/full/llama3.1-8b/shadow_test/traces.jsonl","3","0.0","0.16666666666666669","0.8630966792503992","0.0","0.3888888888888889"
"arfa-llama3.1:8b-8k","shadow_test","intercode-nl2bash-fs2-021","True","5","6929","results/phase1_5_shadow/full/llama3.1-8b/shadow_test/traces.jsonl","4","0.0","0.04166666666666667","0.7900674790143967","0.0","0.2916666666666667"
"arfa-llama3.1:8b-8k","shadow_test","intercode-nl2bash-fs2-025","False","10","27132","results/phase1_5_shadow/full/llama3.1-8b/shadow_test/traces.jsonl","9","0.26666666666666666","0.43888888888888894","0.8603767574661307","0.4722222222222222","0.5203703703703705"
"arfa-llama3.1:8b-8k","shadow_test","intercode-nl2bash-fs2-033","False","7","13176","results/phase1_5_shadow/full/llama3.1-8b/shadow_test/traces.jsonl","6","0.5416666666666667","0.513888888888889","0.6390227675437927","0.925","0.8958333333333334"
"arfa-llama3.1:8b-8k","shadow_test","intercode-nl2bash-fs2-040","False","7","12262","results/phase1_5_shadow/full/llama3.1-8b/shadow_test/traces.jsonl","6","0.0","0.10833333333333334","0.6384572548170885","0.3333333333333333","0.275"
"arfa-llama3.1:8b-8k","shadow_test","intercode-nl2bash-fs2-045","False","12","38857","results/phase1_5_shadow/full/llama3.1-8b/shadow_test/traces.jsonl","12","0.5416666666666667","0.6111111111111112","0.6442920826375484","0.9","0.7152777777777778"
"arfa-llama3.1:8b-8k","shadow_test","intercode-nl2bash-fs2-047","False","2","1748","results/phase1_5_shadow/full/llama3.1-8b/shadow_test/traces.jsonl","1","0.0","0.0","0.7783363312482834","0.0","0.0"
"arfa-llama3.1:8b-8k","shadow_test","intercode-nl2bash-fs2-050","True","4","5235","results/phase1_5_shadow/full/llama3.1-8b/shadow_test/traces.jsonl","3","0.0","0.17777777777777778","0.4011853535970052","0.0","0.3333333333333333"
"arfa-llama3.1:8b-8k","shadow_test","intercode-nl2bash-fs3-009","True","5","6652","results/phase1_5_shadow/full/llama3.1-8b/shadow_test/traces.jsonl","4","0.0","0.0","0.6490128487348557","0.0","0.75"
"arfa-llama3.1:8b-8k","shadow_test","intercode-nl2bash-fs3-012","False","7","13878","results/phase1_5_shadow/full/llama3.1-8b/shadow_test/traces.jsonl","6","0.26666666666666666","0.33611111111111114","0.7257710838069519","0.4916666666666667","0.6666666666666666"
"arfa-llama3.1:8b-8k","shadow_test","intercode-nl2bash-fs3-018","True","5","7360","results/phase1_5_shadow/full/llama3.1-8b/shadow_test/traces.jsonl","4","0.5333333333333333","0.4666666666666667","0.5925297066569328","0.5","0.4666666666666667"
"arfa-llama3.1:8b-8k","shadow_test","intercode-nl2bash-fs3-019","False","10","19715","results/phase1_5_shadow/full/llama3.1-8b/shadow_test/traces.jsonl","9","0.0","0.05555555555555556","0.7781314626336098","0.0","0.5740740740740741"
"arfa-llama3.1:8b-8k","shadow_test","intercode-nl2bash-fs3-034","False","2","1867","results/phase1_5_shadow/full/llama3.1-8b/shadow_test/traces.jsonl","1","0.0","0.0","0.7312173545360565","0.0","0.0"
"arfa-llama3.1:8b-8k","shadow_test","intercode-nl2bash-fs3-037","False","2","1744","results/phase1_5_shadow/full/llama3.1-8b/shadow_test/traces.jsonl","1","0.0","0.0","0.9258188530802727","0.0","0.0"
"arfa-llama3.1:8b-8k","shadow_test","intercode-nl2bash-fs3-038","False","8","18634","results/phase1_5_shadow/full/llama3.1-8b/shadow_test/traces.jsonl","7","0.0","0.37500000000000006","0.7863133549690247","0.5714285714285714","0.8571428571428571"
"arfa-llama3.1:8b-8k","shadow_test","intercode-nl2bash-fs3-039","False","2","1751","results/phase1_5_shadow/full/llama3.1-8b/shadow_test/traces.jsonl","1","0.0","0.0","0.8603635281324387","0.0","1.0"
"arfa-llama3.1:8b-8k","shadow_test","intercode-nl2bash-fs3-053","False","6","9188","results/phase1_5_shadow/full/llama3.1-8b/shadow_test/traces.jsonl","5","0.0","0.13","0.635807266831398","0.4","0.53"
"arfa-llama3.1:8b-8k","shadow_test","intercode-nl2bash-fs3-054","False","2","2104","results/phase1_5_shadow/full/llama3.1-8b/shadow_test/traces.jsonl","1","0.0","0.0","0.7016855180263519","0.0","1.0"
"arfa-llama3.1:8b-8k","shadow_test","intercode-nl2bash-fs4-002","False","7","15500","results/phase1_5_shadow/full/llama3.1-8b/shadow_test/traces.jsonl","6","0.0","0.5277777777777779","0.759156679113706","0.5166666666666667","0.7430555555555556"
"arfa-llama3.1:8b-8k","shadow_test","intercode-nl2bash-fs4-011","False","6","9561","results/phase1_5_shadow/full/llama3.1-8b/shadow_test/traces.jsonl","5","0.8000000000000002","0.5333333333333334","0.9852726474404335","0.29","0.6133333333333333"
"arfa-llama3.1:8b-8k","shadow_test","intercode-nl2bash-fs4-017","False","2","2037","results/phase1_5_shadow/full/llama3.1-8b/shadow_test/traces.jsonl","1","0.0","0.0","0.6606091260910034","0.0","1.0"
"arfa-llama3.1:8b-8k","shadow_test","intercode-nl2bash-fs4-021","False","4","5516","results/phase1_5_shadow/full/llama3.1-8b/shadow_test/traces.jsonl","3","0.65","0.688888888888889","0.9207349779705206","0.8333333333333334","0.688888888888889"
"arfa-llama3.1:8b-8k","shadow_test","intercode-nl2bash-fs4-026","True","2","1782","results/phase1_5_shadow/full/llama3.1-8b/shadow_test/traces.jsonl","1","0.0","0.0","0.7755521535873413","0.0","0.0"
"arfa-llama3.1:8b-8k","shadow_validation","intercode-nl2bash-fs1-033","True","2","1731","results/phase1_5_shadow/full/llama3.1-8b/shadow_validation/traces.jsonl","1","0.0","0.0","0.9059162139892578","0.0","1.0"
"arfa-llama3.1:8b-8k","shadow_validation","intercode-nl2bash-fs1-048","False","2","2045","results/phase1_5_shadow/full/llama3.1-8b/shadow_validation/traces.jsonl","1","0.0","0.0","0.6499167680740356","0.0","1.0"
"arfa-llama3.1:8b-8k","shadow_validation","intercode-nl2bash-fs1-050","False","2","1978","results/phase1_5_shadow/full/llama3.1-8b/shadow_validation/traces.jsonl","1","0.0","0.0","0.9155331030488014","0.0","1.0"
"arfa-llama3.1:8b-8k","shadow_validation","intercode-nl2bash-fs1-055","False","11","32609","results/phase1_5_shadow/full/llama3.1-8b/shadow_validation/traces.jsonl","10","0.8000000000000002","0.5508333333333335","0.7869434356689453","0.28","0.5708333333333334"
"arfa-llama3.1:8b-8k","shadow_validation","intercode-nl2bash-fs2-000","False","4","5462","results/phase1_5_shadow/full/llama3.1-8b/shadow_validation/traces.jsonl","3","0.0","0.18055555555555555","0.6378153363863627","0.0","0.7222222222222222"
"arfa-llama3.1:8b-8k","shadow_validation","intercode-nl2bash-fs2-029","False","6","10338","results/phase1_5_shadow/full/llama3.1-8b/shadow_validation/traces.jsonl","5","0.5416666666666667","0.32500000000000007","0.541163969039917","0.6","0.32500000000000007"
"arfa-llama3.1:8b-8k","shadow_validation","intercode-nl2bash-fs2-034","False","5","6246","results/phase1_5_shadow/full/llama3.1-8b/shadow_validation/traces.jsonl","4","0.0","0.0","0.8419467471539974","0.0","0.0"
"arfa-llama3.1:8b-8k","shadow_validation","intercode-nl2bash-fs2-038","False","4","5683","results/phase1_5_shadow/full/llama3.1-8b/shadow_validation/traces.jsonl","3","0.36363636363636365","0.3434343434343435","1.0021290046473343","0.15","0.7777777777777778"
"arfa-llama3.1:8b-8k","shadow_validation","intercode-nl2bash-fs2-043","False","5","8193","results/phase1_5_shadow/full/llama3.1-8b/shadow_validation/traces.jsonl","4","0.26666666666666666","0.2666666666666667","0.644271906465292","0.4375","0.5"
"arfa-llama3.1:8b-8k","shadow_validation","intercode-nl2bash-fs2-051","False","7","16333","results/phase1_5_shadow/full/llama3.1-8b/shadow_validation/traces.jsonl","6","0.36363636363636365","0.3453282828282829","0.6840348405142626","0.4666666666666667","0.5625"
"arfa-llama3.1:8b-8k","shadow_validation","intercode-nl2bash-fs3-000","False","8","16347","results/phase1_5_shadow/full/llama3.1-8b/shadow_validation/traces.jsonl","7","0.5333333333333333","0.4761904761904762","0.8967077540499824","0.5","0.9333333333333333"
"arfa-llama3.1:8b-8k","shadow_validation","intercode-nl2bash-fs3-010","True","6","12452","results/phase1_5_shadow/full/llama3.1-8b/shadow_validation/traces.jsonl","4","0.0","0.12500000000000003","0.5855851173400879","0.05","0.12500000000000003"
"arfa-llama3.1:8b-8k","shadow_validation","intercode-nl2bash-fs3-014","False","5","7049","results/phase1_5_shadow/full/llama3.1-8b/shadow_validation/traces.jsonl","4","0.0","0.21875000000000006","0.7027352526783943","0.3625","0.21875000000000006"
"arfa-llama3.1:8b-8k","shadow_validation","intercode-nl2bash-fs3-040","False","2","1824","results/phase1_5_shadow/full/llama3.1-8b/shadow_validation/traces.jsonl","1","0.0","0.0","0.8879050388932228","0.0","1.0"
"arfa-llama3.1:8b-8k","shadow_validation","intercode-nl2bash-fs3-050","False","2","1726","results/phase1_5_shadow/full/llama3.1-8b/shadow_validation/traces.jsonl","1","0.0","0.0","0.7433173656463623","0.0","0.0"
"arfa-llama3.1:8b-8k","shadow_validation","intercode-nl2bash-fs3-056","False","7","12458","results/phase1_5_shadow/full/llama3.1-8b/shadow_validation/traces.jsonl","6","0.5333333333333333","0.47222222222222227","0.7931501294175783","0.4583333333333333","0.5055555555555555"
"arfa-llama3.1:8b-8k","shadow_validation","intercode-nl2bash-fs3-057","False","7","11653","results/phase1_5_shadow/full/llama3.1-8b/shadow_validation/traces.jsonl","6","0.0","0.11805555555555557","0.6784651204943657","0.16666666666666666","0.11805555555555557"
"arfa-llama3.1:8b-8k","shadow_validation","intercode-nl2bash-fs3-059","False","11","25136","results/phase1_5_shadow/full/llama3.1-8b/shadow_validation/traces.jsonl","10","0.0","0.26916666666666667","0.593416990339756","0.435","0.5625"
"arfa-llama3.1:8b-8k","shadow_validation","intercode-nl2bash-fs4-013","False","6","9999","results/phase1_5_shadow/full/llama3.1-8b/shadow_validation/traces.jsonl","5","0.0","0.2366666666666667","0.649484521150589","0.2","0.2366666666666667"
"arfa-llama3.1:8b-8k","shadow_validation","intercode-nl2bash-fs4-022","True","2","1671","results/phase1_5_shadow/full/llama3.1-8b/shadow_validation/traces.jsonl","1","0.0","0.0","0.907561406493187","0.0","1.0"
"arfa-qwen2.5-coder:14b-8k","shadow_development","intercode-nl2bash-fs1-014","False","3","4311","results/phase1_5_shadow/full/qwen2.5-coder-14b/shadow_development/traces.jsonl","2","0.0","0.0","0.7420563735067844","0.0","0.5"
"arfa-qwen2.5-coder:14b-8k","shadow_development","intercode-nl2bash-fs1-015","False","4","6405","results/phase1_5_shadow/full/qwen2.5-coder-14b/shadow_development/traces.jsonl","3","0.0","0.24722222222222226","0.6315614233414332","0.3333333333333333","0.24722222222222226"
"arfa-qwen2.5-coder:14b-8k","shadow_development","intercode-nl2bash-fs1-021","True","2","1963","results/phase1_5_shadow/full/qwen2.5-coder-14b/shadow_development/traces.jsonl","1","0.0","0.0","0.8143113255500793","0.0","0.0"
"arfa-qwen2.5-coder:14b-8k","shadow_development","intercode-nl2bash-fs1-029","True","2","2055","results/phase1_5_shadow/full/qwen2.5-coder-14b/shadow_development/traces.jsonl","1","0.0","0.0","0.8103376775979996","0.0","0.0"
"arfa-qwen2.5-coder:14b-8k","shadow_development","intercode-nl2bash-fs1-034","False","2","2074","results/phase1_5_shadow/full/qwen2.5-coder-14b/shadow_development/traces.jsonl","1","0.0","0.0","0.7436947822570801","0.0","0.0"
"arfa-qwen2.5-coder:14b-8k","shadow_development","intercode-nl2bash-fs1-038","False","3","3652","results/phase1_5_shadow/full/qwen2.5-coder-14b/shadow_development/traces.jsonl","2","0.5000000000000001","0.25000000000000006","0.7316629439592361","0.225","0.75"
"arfa-qwen2.5-coder:14b-8k","shadow_development","intercode-nl2bash-fs1-040","True","2","1963","results/phase1_5_shadow/full/qwen2.5-coder-14b/shadow_development/traces.jsonl","1","0.0","0.0","0.7595322877168655","0.0","0.0"
"arfa-qwen2.5-coder:14b-8k","shadow_development","intercode-nl2bash-fs1-045","False","2","2007","results/phase1_5_shadow/full/qwen2.5-coder-14b/shadow_development/traces.jsonl","1","0.16666666666666669","0.16666666666666669","0.930368110537529","0.0","0.16666666666666669"
"arfa-qwen2.5-coder:14b-8k","shadow_development","intercode-nl2bash-fs1-052","False","2","2010","results/phase1_5_shadow/full/qwen2.5-coder-14b/shadow_development/traces.jsonl","1","0.0","0.0","0.4737989902496338","0.0","0.0"
"arfa-qwen2.5-coder:14b-8k","shadow_development","intercode-nl2bash-fs2-005","False","2","1969","results/phase1_5_shadow/full/qwen2.5-coder-14b/shadow_development/traces.jsonl","1","0.0","0.0","0.8490264564752579","0.0","0.0"
"arfa-qwen2.5-coder:14b-8k","shadow_development","intercode-nl2bash-fs2-007","False","3","3956","results/phase1_5_shadow/full/qwen2.5-coder-14b/shadow_development/traces.jsonl","2","0.375","0.3541666666666667","0.591211624443531","0.275","0.3541666666666667"
"arfa-qwen2.5-coder:14b-8k","shadow_development","intercode-nl2bash-fs2-016","True","2","1958","results/phase1_5_shadow/full/qwen2.5-coder-14b/shadow_development/traces.jsonl","1","0.0","0.0","0.8917169645428658","0.0","0.0"
"arfa-qwen2.5-coder:14b-8k","shadow_development","intercode-nl2bash-fs2-022","False","2","1885","results/phase1_5_shadow/full/qwen2.5-coder-14b/shadow_development/traces.jsonl","1","0.0","0.0","0.6680237650871277","0.0","1.0"
"arfa-qwen2.5-coder:14b-8k","shadow_development","intercode-nl2bash-fs2-026","True","2","2168","results/phase1_5_shadow/full/qwen2.5-coder-14b/shadow_development/traces.jsonl","1","0.0","0.0","0.9462146610021591","0.0","0.0"
"arfa-qwen2.5-coder:14b-8k","shadow_development","intercode-nl2bash-fs2-027","False","3","3254","results/phase1_5_shadow/full/qwen2.5-coder-14b/shadow_development/traces.jsonl","2","0.0","0.08333333333333334","0.7371136099100113","0.0","0.08333333333333334"
"arfa-qwen2.5-coder:14b-8k","shadow_development","intercode-nl2bash-fs2-032","True","2","1947","results/phase1_5_shadow/full/qwen2.5-coder-14b/shadow_development/traces.jsonl","1","0.0","0.0","1.0477938428521156","0.0","0.0"
"arfa-qwen2.5-coder:14b-8k","shadow_development","intercode-nl2bash-fs2-044","False","3","4145","results/phase1_5_shadow/full/qwen2.5-coder-14b/shadow_development/traces.jsonl","2","0.5416666666666667","0.27083333333333337","0.4628492593765259","0.5","0.27083333333333337"
"arfa-qwen2.5-coder:14b-8k","shadow_development","intercode-nl2bash-fs2-048","True","2","2038","results/phase1_5_shadow/full/qwen2.5-coder-14b/shadow_development/traces.jsonl","1","0.16666666666666669","0.16666666666666669","0.55244180560112","0.2","0.16666666666666669"
"arfa-qwen2.5-coder:14b-8k","shadow_development","intercode-nl2bash-fs3-001","True","2","1875","results/phase1_5_shadow/full/qwen2.5-coder-14b/shadow_development/traces.jsonl","1","0.0","0.0","0.5424166917800903","0.0","0.0"
"arfa-qwen2.5-coder:14b-8k","shadow_development","intercode-nl2bash-fs3-004","True","2","1871","results/phase1_5_shadow/full/qwen2.5-coder-14b/shadow_development/traces.jsonl","1","0.0","0.0","0.5051423907279968","0.0","0.0"
"arfa-qwen2.5-coder:14b-8k","shadow_development","intercode-nl2bash-fs3-013","True","2","1999","results/phase1_5_shadow/full/qwen2.5-coder-14b/shadow_development/traces.jsonl","1","0.0","0.0","0.45513880252838135","0.0","0.0"
"arfa-qwen2.5-coder:14b-8k","shadow_development","intercode-nl2bash-fs3-017","True","2","1773","results/phase1_5_shadow/full/qwen2.5-coder-14b/shadow_development/traces.jsonl","1","0.0","0.0","0.6259669661521912","0.0","1.0"
"arfa-qwen2.5-coder:14b-8k","shadow_development","intercode-nl2bash-fs3-021","False","2","2251","results/phase1_5_shadow/full/qwen2.5-coder-14b/shadow_development/traces.jsonl","1","0.0","0.0","0.5934104025363922","0.0","0.0"
"arfa-qwen2.5-coder:14b-8k","shadow_development","intercode-nl2bash-fs3-026","True","7","19587","results/phase1_5_shadow/full/qwen2.5-coder-14b/shadow_development/traces.jsonl","6","0.5333333333333333","0.26666666666666666","0.8106633995970091","0.0","0.26666666666666666"
"arfa-qwen2.5-coder:14b-8k","shadow_development","intercode-nl2bash-fs3-028","False","2","2836","results/phase1_5_shadow/full/qwen2.5-coder-14b/shadow_development/traces.jsonl","1","0.0","0.0","0.5604813992977142","0.0","0.0"
"arfa-qwen2.5-coder:14b-8k","shadow_development","intercode-nl2bash-fs3-029","False","2","2761","results/phase1_5_shadow/full/qwen2.5-coder-14b/shadow_development/traces.jsonl","1","0.0","0.0","0.6666690707206726","0.0","0.0"
"arfa-qwen2.5-coder:14b-8k","shadow_development","intercode-nl2bash-fs3-031","False","2","2092","results/phase1_5_shadow/full/qwen2.5-coder-14b/shadow_development/traces.jsonl","1","0.0","0.0","0.8466071039438248","0.0","0.0"
"arfa-qwen2.5-coder:14b-8k","shadow_development","intercode-nl2bash-fs3-045","False","4","5833","results/phase1_5_shadow/full/qwen2.5-coder-14b/shadow_development/traces.jsonl","3","0.0","0.0","0.7276210884253184","0.0","1.0"
"arfa-qwen2.5-coder:14b-8k","shadow_development","intercode-nl2bash-fs3-049","False","4","5485","results/phase1_5_shadow/full/qwen2.5-coder-14b/shadow_development/traces.jsonl","3","0.5000000000000001","0.1666666666666667","0.6689279576142629","0.15","0.5"
"arfa-qwen2.5-coder:14b-8k","shadow_development","intercode-nl2bash-fs3-055","True","2","2033","results/phase1_5_shadow/full/qwen2.5-coder-14b/shadow_development/traces.jsonl","1","0.0","0.0","0.5280946791172028","0.0","0.0"
"arfa-qwen2.5-coder:14b-8k","shadow_development","intercode-nl2bash-fs3-058","False","2","1832","results/phase1_5_shadow/full/qwen2.5-coder-14b/shadow_development/traces.jsonl","1","0.0","0.0","0.9013291969895363","0.0","0.0"
"arfa-qwen2.5-coder:14b-8k","shadow_development","intercode-nl2bash-fs4-003","True","2","1750","results/phase1_5_shadow/full/qwen2.5-coder-14b/shadow_development/traces.jsonl","1","0.0","0.0","0.3753359317779541","0.0","0.0"
"arfa-qwen2.5-coder:14b-8k","shadow_development","intercode-nl2bash-fs4-004","True","2","1933","results/phase1_5_shadow/full/qwen2.5-coder-14b/shadow_development/traces.jsonl","1","0.0","0.0","0.6781020164489746","0.0","0.0"
"arfa-qwen2.5-coder:14b-8k","shadow_development","intercode-nl2bash-fs4-006","True","2","1875","results/phase1_5_shadow/full/qwen2.5-coder-14b/shadow_development/traces.jsonl","1","0.0","0.0","0.9206427782773972","0.0","0.0"
"arfa-qwen2.5-coder:14b-8k","shadow_development","intercode-nl2bash-fs4-015","True","2","1863","results/phase1_5_shadow/full/qwen2.5-coder-14b/shadow_development/traces.jsonl","1","0.0","0.0","0.48820793628692627","0.0","0.0"
"arfa-qwen2.5-coder:14b-8k","shadow_development","intercode-nl2bash-fs4-019","True","2","1998","results/phase1_5_shadow/full/qwen2.5-coder-14b/shadow_development/traces.jsonl","1","0.5000000000000001","0.5000000000000001","0.5758945345878601","0.2","0.5000000000000001"
"arfa-qwen2.5-coder:14b-8k","shadow_development","intercode-nl2bash-fs4-020","False","2","1713","results/phase1_5_shadow/full/qwen2.5-coder-14b/shadow_development/traces.jsonl","1","0.0","0.0","0.5947008728981018","0.0","0.0"
"arfa-qwen2.5-coder:14b-8k","shadow_development","intercode-nl2bash-fs4-023","True","2","2331","results/phase1_5_shadow/full/qwen2.5-coder-14b/shadow_development/traces.jsonl","1","0.0","0.0","0.6850277483463287","0.0","0.0"
"arfa-qwen2.5-coder:14b-8k","shadow_development","intercode-nl2bash-fs4-024","True","2","1988","results/phase1_5_shadow/full/qwen2.5-coder-14b/shadow_development/traces.jsonl","1","0.0","0.0","0.8716171532869339","0.0","0.0"
"arfa-qwen2.5-coder:14b-8k","shadow_development","intercode-nl2bash-fs4-025","False","2","1935","results/phase1_5_shadow/full/qwen2.5-coder-14b/shadow_development/traces.jsonl","1","0.0","0.0","0.8239059597253799","0.0","0.0"
"arfa-qwen2.5-coder:14b-8k","shadow_test","intercode-nl2bash-fs1-000","False","2","2010","results/phase1_5_shadow/full/qwen2.5-coder-14b/shadow_test/traces.jsonl","1","0.0","0.0","1.0302706584334373","0.0","0.0"
"arfa-qwen2.5-coder:14b-8k","shadow_test","intercode-nl2bash-fs1-001","False","7","16443","results/phase1_5_shadow/full/qwen2.5-coder-14b/shadow_test/traces.jsonl","6","0.0","0.0","0.8896376689275106","0.0","0.3333333333333333"
"arfa-qwen2.5-coder:14b-8k","shadow_test","intercode-nl2bash-fs1-009","False","2","1821","results/phase1_5_shadow/full/qwen2.5-coder-14b/shadow_test/traces.jsonl","1","0.0","0.0","0.5096213221549988","0.0","1.0"
"arfa-qwen2.5-coder:14b-8k","shadow_test","intercode-nl2bash-fs1-010","False","2","2197","results/phase1_5_shadow/full/qwen2.5-coder-14b/shadow_test/traces.jsonl","1","0.26666666666666666","0.26666666666666666","0.4786149263381958","0.0","1.0"
"arfa-qwen2.5-coder:14b-8k","shadow_test","intercode-nl2bash-fs1-016","False","2","2027","results/phase1_5_shadow/full/qwen2.5-coder-14b/shadow_test/traces.jsonl","1","0.0","0.0","0.5547223687171936","0.0","0.0"
"arfa-qwen2.5-coder:14b-8k","shadow_test","intercode-nl2bash-fs1-023","False","2","1999","results/phase1_5_shadow/full/qwen2.5-coder-14b/shadow_test/traces.jsonl","1","0.0","0.0","0.7110156416893005","0.0","0.0"
"arfa-qwen2.5-coder:14b-8k","shadow_test","intercode-nl2bash-fs1-031","True","2","1949","results/phase1_5_shadow/full/qwen2.5-coder-14b/shadow_test/traces.jsonl","1","0.0","0.0","0.9523741789162159","0.0","0.0"
"arfa-qwen2.5-coder:14b-8k","shadow_test","intercode-nl2bash-fs1-032","False","3","3714","results/phase1_5_shadow/full/qwen2.5-coder-14b/shadow_test/traces.jsonl","2","0.0","0.1","0.8172713294625282","0.0","0.5"
"arfa-qwen2.5-coder:14b-8k","shadow_test","intercode-nl2bash-fs1-035","True","2","2070","results/phase1_5_shadow/full/qwen2.5-coder-14b/shadow_test/traces.jsonl","1","0.0","0.0","0.907597191631794","0.0","0.0"
"arfa-qwen2.5-coder:14b-8k","shadow_test","intercode-nl2bash-fs1-051","False","2","2674","results/phase1_5_shadow/full/qwen2.5-coder-14b/shadow_test/traces.jsonl","1","0.0","0.0","0.7014594674110413","0.0","0.0"
"arfa-qwen2.5-coder:14b-8k","shadow_test","intercode-nl2bash-fs1-057","False","5","8698","results/phase1_5_shadow/full/qwen2.5-coder-14b/shadow_test/traces.jsonl","4","0.5416666666666667","0.5416666666666667","0.3851422816514969","1.0","0.5416666666666667"
"arfa-qwen2.5-coder:14b-8k","shadow_test","intercode-nl2bash-fs1-058","True","3","3652","results/phase1_5_shadow/full/qwen2.5-coder-14b/shadow_test/traces.jsonl","2","0.8500000000000001","0.525","0.7974165193736553","0.375","0.525"
"arfa-qwen2.5-coder:14b-8k","shadow_test","intercode-nl2bash-fs2-008","True","2","1938","results/phase1_5_shadow/full/qwen2.5-coder-14b/shadow_test/traces.jsonl","1","0.0","0.0","0.877166748046875","0.0","0.0"
"arfa-qwen2.5-coder:14b-8k","shadow_test","intercode-nl2bash-fs2-009","True","3","4173","results/phase1_5_shadow/full/qwen2.5-coder-14b/shadow_test/traces.jsonl","2","0.0","0.0","0.982501688413322","0.0","0.0"
"arfa-qwen2.5-coder:14b-8k","shadow_test","intercode-nl2bash-fs2-011","True","2","1929","results/phase1_5_shadow/full/qwen2.5-coder-14b/shadow_test/traces.jsonl","1","0.0","0.0","0.8288291096687317","0.0","0.0"
"arfa-qwen2.5-coder:14b-8k","shadow_test","intercode-nl2bash-fs2-012","False","3","3640","results/phase1_5_shadow/full/qwen2.5-coder-14b/shadow_test/traces.jsonl","2","0.0","0.0","0.6910567404702306","0.0","0.0"
"arfa-qwen2.5-coder:14b-8k","shadow_test","intercode-nl2bash-fs2-019","True","3","3879","results/phase1_5_shadow/full/qwen2.5-coder-14b/shadow_test/traces.jsonl","2","0.0","0.08333333333333334","0.7103251963853836","0.0","0.08333333333333334"
"arfa-qwen2.5-coder:14b-8k","shadow_test","intercode-nl2bash-fs2-020","True","2","1995","results/phase1_5_shadow/full/qwen2.5-coder-14b/shadow_test/traces.jsonl","1","0.0","0.0","0.8417936116456985","0.0","0.0"
"arfa-qwen2.5-coder:14b-8k","shadow_test","intercode-nl2bash-fs2-021","True","2","2013","results/phase1_5_shadow/full/qwen2.5-coder-14b/shadow_test/traces.jsonl","1","0.0","0.0","0.8234513103961945","0.0","0.0"
"arfa-qwen2.5-coder:14b-8k","shadow_test","intercode-nl2bash-fs2-025","False","2","2107","results/phase1_5_shadow/full/qwen2.5-coder-14b/shadow_test/traces.jsonl","1","0.0","0.0","0.9679452702403069","0.0","0.0"
"arfa-qwen2.5-coder:14b-8k","shadow_test","intercode-nl2bash-fs2-033","False","2","1975","results/phase1_5_shadow/full/qwen2.5-coder-14b/shadow_test/traces.jsonl","1","0.0","0.0","0.7986007630825043","0.0","1.0"
"arfa-qwen2.5-coder:14b-8k","shadow_test","intercode-nl2bash-fs2-040","False","3","3195","results/phase1_5_shadow/full/qwen2.5-coder-14b/shadow_test/traces.jsonl","2","0.0","0.0","0.92411117721349","0.0","0.5"
"arfa-qwen2.5-coder:14b-8k","shadow_test","intercode-nl2bash-fs2-045","False","3","3794","results/phase1_5_shadow/full/qwen2.5-coder-14b/shadow_test/traces.jsonl","2","0.16666666666666669","0.08333333333333334","0.7671147771179676","0.1","0.08333333333333334"
"arfa-qwen2.5-coder:14b-8k","shadow_test","intercode-nl2bash-fs2-047","False","3","3346","results/phase1_5_shadow/full/qwen2.5-coder-14b/shadow_test/traces.jsonl","2","0.8750000000000001","0.43750000000000006","0.507805347442627","0.5","0.43750000000000006"
"arfa-qwen2.5-coder:14b-8k","shadow_test","intercode-nl2bash-fs2-050","True","2","1977","results/phase1_5_shadow/full/qwen2.5-coder-14b/shadow_test/traces.jsonl","1","0.2","0.2","0.8869413137435913","0.0","0.2"
"arfa-qwen2.5-coder:14b-8k","shadow_test","intercode-nl2bash-fs3-009","False","3","3426","results/phase1_5_shadow/full/qwen2.5-coder-14b/shadow_test/traces.jsonl","2","0.7083333333333335","0.35416666666666674","0.7047068700194359","0.275","0.35416666666666674"
"arfa-qwen2.5-coder:14b-8k","shadow_test","intercode-nl2bash-fs3-012","False","4","5702","results/phase1_5_shadow/full/qwen2.5-coder-14b/shadow_test/traces.jsonl","3","0.0","0.29166666666666674","0.7582112917055687","0.25","0.29166666666666674"
"arfa-qwen2.5-coder:14b-8k","shadow_test","intercode-nl2bash-fs3-018","True","3","3527","results/phase1_5_shadow/full/qwen2.5-coder-14b/shadow_test/traces.jsonl","2","0.0","0.0","0.7625335454940796","0.0","0.5"
"arfa-qwen2.5-coder:14b-8k","shadow_test","intercode-nl2bash-fs3-019","False","11","28355","results/phase1_5_shadow/full/qwen2.5-coder-14b/shadow_test/traces.jsonl","10","0.0","0.15416666666666667","0.7941680833697319","0.1","0.4875"
"arfa-qwen2.5-coder:14b-8k","shadow_test","intercode-nl2bash-fs3-034","True","2","1895","results/phase1_5_shadow/full/qwen2.5-coder-14b/shadow_test/traces.jsonl","1","0.0","0.0","0.4369444251060486","0.0","0.0"
"arfa-qwen2.5-coder:14b-8k","shadow_test","intercode-nl2bash-fs3-037","False","3","3634","results/phase1_5_shadow/full/qwen2.5-coder-14b/shadow_test/traces.jsonl","2","0.0","0.0","0.8848890587687492","0.0","0.0"
"arfa-qwen2.5-coder:14b-8k","shadow_test","intercode-nl2bash-fs3-038","False","3","3463","results/phase1_5_shadow/full/qwen2.5-coder-14b/shadow_test/traces.jsonl","2","0.0","0.0","0.9339372664690018","0.0","0.0"
"arfa-qwen2.5-coder:14b-8k","shadow_test","intercode-nl2bash-fs3-039","False","2","1935","results/phase1_5_shadow/full/qwen2.5-coder-14b/shadow_test/traces.jsonl","1","0.0","0.0","0.8012643158435822","0.0","0.0"
"arfa-qwen2.5-coder:14b-8k","shadow_test","intercode-nl2bash-fs3-053","False","3","3222","results/phase1_5_shadow/full/qwen2.5-coder-14b/shadow_test/traces.jsonl","2","0.0","0.0","0.8521706759929657","0.0","0.0"
"arfa-qwen2.5-coder:14b-8k","shadow_test","intercode-nl2bash-fs3-054","True","2","2317","results/phase1_5_shadow/full/qwen2.5-coder-14b/shadow_test/traces.jsonl","1","0.0","0.0","0.5627221465110779","0.0","0.0"
"arfa-qwen2.5-coder:14b-8k","shadow_test","intercode-nl2bash-fs4-002","False","8","21925","results/phase1_5_shadow/full/qwen2.5-coder-14b/shadow_test/traces.jsonl","7","0.5416666666666667","0.14880952380952384","0.7510808493409838","0.07857142857142858","0.14880952380952384"
"arfa-qwen2.5-coder:14b-8k","shadow_test","intercode-nl2bash-fs4-011","False","3","3224","results/phase1_5_shadow/full/qwen2.5-coder-14b/shadow_test/traces.jsonl","2","0.7083333333333335","0.6791666666666667","0.9778582490980625","0.55","1.0"
"arfa-qwen2.5-coder:14b-8k","shadow_test","intercode-nl2bash-fs4-017","False","2","1837","results/phase1_5_shadow/full/qwen2.5-coder-14b/shadow_test/traces.jsonl","1","0.0","0.0","0.7513808608055115","0.0","0.0"
"arfa-qwen2.5-coder:14b-8k","shadow_test","intercode-nl2bash-fs4-021","False","5","9170","results/phase1_5_shadow/full/qwen2.5-coder-14b/shadow_test/traces.jsonl","4","0.5000000000000001","0.5000000000000001","0.6354658827185631","0.2","0.5000000000000001"
"arfa-qwen2.5-coder:14b-8k","shadow_test","intercode-nl2bash-fs4-026","True","2","1835","results/phase1_5_shadow/full/qwen2.5-coder-14b/shadow_test/traces.jsonl","1","0.0","0.0","0.7726151943206787","0.0","0.0"
"arfa-qwen2.5-coder:14b-8k","shadow_validation","intercode-nl2bash-fs1-033","True","2","1893","results/phase1_5_shadow/full/qwen2.5-coder-14b/shadow_validation/traces.jsonl","1","0.0","0.0","0.8341011852025986","0.0","0.0"
"arfa-qwen2.5-coder:14b-8k","shadow_validation","intercode-nl2bash-fs1-048","False","2","2331","results/phase1_5_shadow/full/qwen2.5-coder-14b/shadow_validation/traces.jsonl","1","0.0","0.0","0.6617834270000458","0.0","0.0"
"arfa-qwen2.5-coder:14b-8k","shadow_validation","intercode-nl2bash-fs1-050","False","2","2318","results/phase1_5_shadow/full/qwen2.5-coder-14b/shadow_validation/traces.jsonl","1","0.0","0.0","0.5465712249279022","0.0","0.0"
"arfa-qwen2.5-coder:14b-8k","shadow_validation","intercode-nl2bash-fs1-055","False","3","3499","results/phase1_5_shadow/full/qwen2.5-coder-14b/shadow_validation/traces.jsonl","2","0.0","0.0","0.7778920754790306","0.0","0.0"
"arfa-qwen2.5-coder:14b-8k","shadow_validation","intercode-nl2bash-fs2-000","True","2","2206","results/phase1_5_shadow/full/qwen2.5-coder-14b/shadow_validation/traces.jsonl","1","0.0","0.0","0.4596695899963379","0.0","0.0"
"arfa-qwen2.5-coder:14b-8k","shadow_validation","intercode-nl2bash-fs2-029","False","2","1968","results/phase1_5_shadow/full/qwen2.5-coder-14b/shadow_validation/traces.jsonl","1","0.5714285714285715","0.5714285714285715","0.6519314050674438","1.0","1.0"
"arfa-qwen2.5-coder:14b-8k","shadow_validation","intercode-nl2bash-fs2-034","False","3","3848","results/phase1_5_shadow/full/qwen2.5-coder-14b/shadow_validation/traces.jsonl","2","0.0","0.08333333333333334","0.7968090921640396","0.0","0.08333333333333334"
"arfa-qwen2.5-coder:14b-8k","shadow_validation","intercode-nl2bash-fs2-038","True","2","2239","results/phase1_5_shadow/full/qwen2.5-coder-14b/shadow_validation/traces.jsonl","1","0.0","0.0","0.7132420539855957","0.0","0.0"
"arfa-qwen2.5-coder:14b-8k","shadow_validation","intercode-nl2bash-fs2-043","False","6","12574","results/phase1_5_shadow/full/qwen2.5-coder-14b/shadow_validation/traces.jsonl","5","0.0","0.4333333333333334","0.44302873611450194","0.6","0.4333333333333334"
"arfa-qwen2.5-coder:14b-8k","shadow_validation","intercode-nl2bash-fs2-051","False","3","7062","results/phase1_5_shadow/full/qwen2.5-coder-14b/shadow_validation/traces.jsonl","2","0.0","0.0","0.742960199713707","0.0","0.0"
"arfa-qwen2.5-coder:14b-8k","shadow_validation","intercode-nl2bash-fs3-000","False","4","5808","results/phase1_5_shadow/full/qwen2.5-coder-14b/shadow_validation/traces.jsonl","3","0.33333333333333337","0.22222222222222224","0.8883923987547556","0.0","0.22222222222222224"
"arfa-qwen2.5-coder:14b-8k","shadow_validation","intercode-nl2bash-fs3-010","False","2","1872","results/phase1_5_shadow/full/qwen2.5-coder-14b/shadow_validation/traces.jsonl","1","0.0","0.0","0.6668577194213867","0.0","0.0"
"arfa-qwen2.5-coder:14b-8k","shadow_validation","intercode-nl2bash-fs3-014","False","2","1996","results/phase1_5_shadow/full/qwen2.5-coder-14b/shadow_validation/traces.jsonl","1","0.0","0.0","0.614804744720459","0.0","0.0"
"arfa-qwen2.5-coder:14b-8k","shadow_validation","intercode-nl2bash-fs3-040","True","2","2032","results/phase1_5_shadow/full/qwen2.5-coder-14b/shadow_validation/traces.jsonl","1","0.0","0.0","0.8012643158435822","0.0","0.0"
"arfa-qwen2.5-coder:14b-8k","shadow_validation","intercode-nl2bash-fs3-050","True","2","1839","results/phase1_5_shadow/full/qwen2.5-coder-14b/shadow_validation/traces.jsonl","1","0.0","0.0","0.6416712999343872","0.0","0.0"
"arfa-qwen2.5-coder:14b-8k","shadow_validation","intercode-nl2bash-fs3-056","False","5","9306","results/phase1_5_shadow/full/qwen2.5-coder-14b/shadow_validation/traces.jsonl","4","0.7083333333333335","0.5729166666666667","0.7642048406414688","0.5625","0.5729166666666667"
"arfa-qwen2.5-coder:14b-8k","shadow_validation","intercode-nl2bash-fs3-057","True","2","1870","results/phase1_5_shadow/full/qwen2.5-coder-14b/shadow_validation/traces.jsonl","1","0.0","0.0","0.8632740676403046","0.0","0.0"
"arfa-qwen2.5-coder:14b-8k","shadow_validation","intercode-nl2bash-fs3-059","False","7","13193","results/phase1_5_shadow/full/qwen2.5-coder-14b/shadow_validation/traces.jsonl","6","0.0","0.09027777777777779","0.4267565409342448","0.16666666666666666","0.2569444444444445"
"arfa-qwen2.5-coder:14b-8k","shadow_validation","intercode-nl2bash-fs4-013","True","2","1765","results/phase1_5_shadow/full/qwen2.5-coder-14b/shadow_validation/traces.jsonl","1","0.0","0.0","0.45514756441116333","0.0","0.0"
"arfa-qwen2.5-coder:14b-8k","shadow_validation","intercode-nl2bash-fs4-022","True","2","1858","results/phase1_5_shadow/full/qwen2.5-coder-14b/shadow_validation/traces.jsonl","1","0.0","0.0","0.7713956385850906","0.0","0.0"
"arfa-qwen2.5-coder:7b-8k","shadow_development","intercode-nl2bash-fs1-014","False","4","6524","results/phase1_5_shadow/full/qwen2.5-coder-7b/shadow_development/traces.jsonl","3","0.0","0.2916666666666667","0.6725039482116699","0.3333333333333333","1.0"
"arfa-qwen2.5-coder:7b-8k","shadow_development","intercode-nl2bash-fs1-015","False","6","12608","results/phase1_5_shadow/full/qwen2.5-coder-7b/shadow_development/traces.jsonl","5","0.5333333333333333","0.54","0.6236840575933457","0.65","0.54"
"arfa-qwen2.5-coder:7b-8k","shadow_development","intercode-nl2bash-fs1-021","False","2","1843","results/phase1_5_shadow/full/qwen2.5-coder-7b/shadow_development/traces.jsonl","1","0.0","0.0","0.6146904230117798","0.0","0.0"
"arfa-qwen2.5-coder:7b-8k","shadow_development","intercode-nl2bash-fs1-029","True","2","1904","results/phase1_5_shadow/full/qwen2.5-coder-7b/shadow_development/traces.jsonl","1","0.0","0.0","0.8073961436748505","0.0","0.0"
"arfa-qwen2.5-coder:7b-8k","shadow_development","intercode-nl2bash-fs1-034","True","3","3247","results/phase1_5_shadow/full/qwen2.5-coder-7b/shadow_development/traces.jsonl","2","0.0","0.0","0.5756140947341919","0.0","0.5"
"arfa-qwen2.5-coder:7b-8k","shadow_development","intercode-nl2bash-fs1-038","False","3","3552","results/phase1_5_shadow/full/qwen2.5-coder-7b/shadow_development/traces.jsonl","2","0.8000000000000002","0.6666666666666667","0.6777519434690475","0.725","0.9000000000000001"
"arfa-qwen2.5-coder:7b-8k","shadow_development","intercode-nl2bash-fs1-040","False","5","7225","results/phase1_5_shadow/full/qwen2.5-coder-7b/shadow_development/traces.jsonl","4","0.0","0.4","0.5907454639673233","0.0","1.0"
"arfa-qwen2.5-coder:7b-8k","shadow_development","intercode-nl2bash-fs1-045","False","2","2129","results/phase1_5_shadow/full/qwen2.5-coder-7b/shadow_development/traces.jsonl","1","0.0","0.0","0.4201250672340393","0.0","0.0"
"arfa-qwen2.5-coder:7b-8k","shadow_development","intercode-nl2bash-fs1-052","False","2","1871","results/phase1_5_shadow/full/qwen2.5-coder-7b/shadow_development/traces.jsonl","1","0.0","0.0","0.5748977363109589","0.0","0.0"
"arfa-qwen2.5-coder:7b-8k","shadow_development","intercode-nl2bash-fs2-005","False","6","15900","results/phase1_5_shadow/full/qwen2.5-coder-7b/shadow_development/traces.jsonl","5","0.0","0.0","0.36369524002075193","0.67","0.6"
"arfa-qwen2.5-coder:7b-8k","shadow_development","intercode-nl2bash-fs2-007","False","4","5627","results/phase1_5_shadow/full/qwen2.5-coder-7b/shadow_development/traces.jsonl","3","0.26666666666666666","0.2555555555555556","0.7304615825414658","0.18333333333333335","0.2555555555555556"
"arfa-qwen2.5-coder:7b-8k","shadow_development","intercode-nl2bash-fs2-016","False","2","1889","results/phase1_5_shadow/full/qwen2.5-coder-7b/shadow_development/traces.jsonl","1","0.0","0.0","0.7131641209125519","0.0","0.0"
"arfa-qwen2.5-coder:7b-8k","shadow_development","intercode-nl2bash-fs2-022","False","3","3419","results/phase1_5_shadow/full/qwen2.5-coder-7b/shadow_development/traces.jsonl","2","0.16666666666666669","0.08333333333333334","0.7288126349449158","0.0","0.5833333333333334"
"arfa-qwen2.5-coder:7b-8k","shadow_development","intercode-nl2bash-fs2-026","True","2","2004","results/phase1_5_shadow/full/qwen2.5-coder-7b/shadow_development/traces.jsonl","1","0.0","0.0","0.9367593303322792","0.0","0.0"
"arfa-qwen2.5-coder:7b-8k","shadow_development","intercode-nl2bash-fs2-027","False","2","1789","results/phase1_5_shadow/full/qwen2.5-coder-7b/shadow_development/traces.jsonl","1","0.0","0.0","0.8689861595630646","0.0","0.0"
"arfa-qwen2.5-coder:7b-8k","shadow_development","intercode-nl2bash-fs2-032","False","2","1971","results/phase1_5_shadow/full/qwen2.5-coder-7b/shadow_development/traces.jsonl","1","0.0","0.0","0.684518575668335","0.0","0.0"
"arfa-qwen2.5-coder:7b-8k","shadow_development","intercode-nl2bash-fs2-044","False","3","3989","results/phase1_5_shadow/full/qwen2.5-coder-7b/shadow_development/traces.jsonl","2","0.7083333333333335","0.5208333333333335","0.5198380500078201","0.6","0.5208333333333335"
"arfa-qwen2.5-coder:7b-8k","shadow_development","intercode-nl2bash-fs2-048","True","2","1967","results/phase1_5_shadow/full/qwen2.5-coder-7b/shadow_development/traces.jsonl","1","0.16666666666666669","0.16666666666666669","0.5184257626533508","0.2","0.16666666666666669"
"arfa-qwen2.5-coder:7b-8k","shadow_development","intercode-nl2bash-fs3-001","True","2","1910","results/phase1_5_shadow/full/qwen2.5-coder-7b/shadow_development/traces.jsonl","1","0.0","0.0","0.5974215567111969","0.0","0.0"
"arfa-qwen2.5-coder:7b-8k","shadow_development","intercode-nl2bash-fs3-004","False","3","3448","results/phase1_5_shadow/full/qwen2.5-coder-7b/shadow_development/traces.jsonl","2","0.0","0.0","0.4526340365409851","0.0","0.0"
"arfa-qwen2.5-coder:7b-8k","shadow_development","intercode-nl2bash-fs3-013","False","2","1928","results/phase1_5_shadow/full/qwen2.5-coder-7b/shadow_development/traces.jsonl","1","0.0","0.0","0.5855768918991089","0.0","0.0"
"arfa-qwen2.5-coder:7b-8k","shadow_development","intercode-nl2bash-fs3-017","True","2","1755","results/phase1_5_shadow/full/qwen2.5-coder-7b/shadow_development/traces.jsonl","1","0.0","0.0","0.4994673728942871","0.0","1.0"
"arfa-qwen2.5-coder:7b-8k","shadow_development","intercode-nl2bash-fs3-021","False","7","14832","results/phase1_5_shadow/full/qwen2.5-coder-7b/shadow_development/traces.jsonl","6","0.0","0.16666666666666669","0.6145623425642649","0.0","0.6111111111111112"
"arfa-qwen2.5-coder:7b-8k","shadow_development","intercode-nl2bash-fs3-026","False","2","1995","results/phase1_5_shadow/full/qwen2.5-coder-7b/shadow_development/traces.jsonl","1","0.5333333333333333","0.5333333333333333","0.9855564907193184","0.0","0.5333333333333333"
"arfa-qwen2.5-coder:7b-8k","shadow_development","intercode-nl2bash-fs3-028","False","2","2813","results/phase1_5_shadow/full/qwen2.5-coder-7b/shadow_development/traces.jsonl","1","0.0","0.0","0.5498804450035095","0.0","0.0"
"arfa-qwen2.5-coder:7b-8k","shadow_development","intercode-nl2bash-fs3-029","False","3","4411","results/phase1_5_shadow/full/qwen2.5-coder-7b/shadow_development/traces.jsonl","2","0.0","0.0","0.6675596684217453","0.0","0.0"
"arfa-qwen2.5-coder:7b-8k","shadow_development","intercode-nl2bash-fs3-031","False","2","1977","results/phase1_5_shadow/full/qwen2.5-coder-7b/shadow_development/traces.jsonl","1","0.0","0.0","0.8539768606424332","0.0","0.0"
"arfa-qwen2.5-coder:7b-8k","shadow_development","intercode-nl2bash-fs3-045","False","3","3716","results/phase1_5_shadow/full/qwen2.5-coder-7b/shadow_development/traces.jsonl","2","0.0","0.0","0.6936690956354141","0.0","0.5"
"arfa-qwen2.5-coder:7b-8k","shadow_development","intercode-nl2bash-fs3-049","False","2","2199","results/phase1_5_shadow/full/qwen2.5-coder-7b/shadow_development/traces.jsonl","1","0.0","0.0","0.5324030518531799","0.0","0.0"
"arfa-qwen2.5-coder:7b-8k","shadow_development","intercode-nl2bash-fs3-055","True","2","2010","results/phase1_5_shadow/full/qwen2.5-coder-7b/shadow_development/traces.jsonl","1","0.0","0.0","0.6678098738193512","0.0","0.0"
"arfa-qwen2.5-coder:7b-8k","shadow_development","intercode-nl2bash-fs3-058","False","3","3256","results/phase1_5_shadow/full/qwen2.5-coder-7b/shadow_development/traces.jsonl","2","0.16666666666666669","0.16666666666666669","0.8859361633658409","0.0","0.16666666666666669"
"arfa-qwen2.5-coder:7b-8k","shadow_development","intercode-nl2bash-fs4-003","True","2","1764","results/phase1_5_shadow/full/qwen2.5-coder-7b/shadow_development/traces.jsonl","1","0.0","0.0","0.3588106632232666","0.0","1.0"
"arfa-qwen2.5-coder:7b-8k","shadow_development","intercode-nl2bash-fs4-004","True","2","1905","results/phase1_5_shadow/full/qwen2.5-coder-7b/shadow_development/traces.jsonl","1","0.0","0.0","0.5623074173927307","0.0","0.0"
"arfa-qwen2.5-coder:7b-8k","shadow_development","intercode-nl2bash-fs4-006","True","3","3311","results/phase1_5_shadow/full/qwen2.5-coder-7b/shadow_development/traces.jsonl","2","0.0","0.0","0.9370792405679822","0.0","0.0"
"arfa-qwen2.5-coder:7b-8k","shadow_development","intercode-nl2bash-fs4-015","True","5","7425","results/phase1_5_shadow/full/qwen2.5-coder-7b/shadow_development/traces.jsonl","4","0.0","0.0","0.4754766821861267","0.0","0.0"
"arfa-qwen2.5-coder:7b-8k","shadow_development","intercode-nl2bash-fs4-019","False","11","30039","results/phase1_5_shadow/full/qwen2.5-coder-7b/shadow_development/traces.jsonl","10","0.5333333333333333","0.5333333333333333","0.7958524882793426","0.55","1.0"
"arfa-qwen2.5-coder:7b-8k","shadow_development","intercode-nl2bash-fs4-020","False","3","3108","results/phase1_5_shadow/full/qwen2.5-coder-7b/shadow_development/traces.jsonl","2","0.2","0.2","0.6901322603225708","0.0","0.2"
"arfa-qwen2.5-coder:7b-8k","shadow_development","intercode-nl2bash-fs4-023","True","2","2356","results/phase1_5_shadow/full/qwen2.5-coder-7b/shadow_development/traces.jsonl","1","0.0","0.0","0.5934738516807556","0.0","0.0"
"arfa-qwen2.5-coder:7b-8k","shadow_development","intercode-nl2bash-fs4-024","True","2","2003","results/phase1_5_shadow/full/qwen2.5-coder-7b/shadow_development/traces.jsonl","1","0.0","0.0","0.8405466377735138","0.0","0.0"
"arfa-qwen2.5-coder:7b-8k","shadow_development","intercode-nl2bash-fs4-025","False","2","1929","results/phase1_5_shadow/full/qwen2.5-coder-7b/shadow_development/traces.jsonl","1","0.0","0.0","0.8140164315700531","0.0","0.0"
"arfa-qwen2.5-coder:7b-8k","shadow_test","intercode-nl2bash-fs1-000","False","3","3726","results/phase1_5_shadow/full/qwen2.5-coder-7b/shadow_test/traces.jsonl","2","0.0","0.26666666666666666","0.7366044595837593","0.0","0.26666666666666666"
"arfa-qwen2.5-coder:7b-8k","shadow_test","intercode-nl2bash-fs1-001","False","2","2073","results/phase1_5_shadow/full/qwen2.5-coder-7b/shadow_test/traces.jsonl","1","0.0","0.0","0.5347974300384521","0.0","0.0"
"arfa-qwen2.5-coder:7b-8k","shadow_test","intercode-nl2bash-fs1-009","False","3","3634","results/phase1_5_shadow/full/qwen2.5-coder-7b/shadow_test/traces.jsonl","2","0.0","0.0","0.46402211487293243","0.275","1.0"
"arfa-qwen2.5-coder:7b-8k","shadow_test","intercode-nl2bash-fs1-010","False","2","2296","results/phase1_5_shadow/full/qwen2.5-coder-7b/shadow_test/traces.jsonl","1","0.26666666666666666","0.26666666666666666","0.5751906633377075","0.0","1.0"
"arfa-qwen2.5-coder:7b-8k","shadow_test","intercode-nl2bash-fs1-016","False","12","28219","results/phase1_5_shadow/full/qwen2.5-coder-7b/shadow_test/traces.jsonl","0","","","","",""
"arfa-qwen2.5-coder:7b-8k","shadow_test","intercode-nl2bash-fs1-023","False","6","9390","results/phase1_5_shadow/full/qwen2.5-coder-7b/shadow_test/traces.jsonl","5","0.0","0.0","0.5664260357618331","0.0","1.0"
"arfa-qwen2.5-coder:7b-8k","shadow_test","intercode-nl2bash-fs1-031","False","2","1840","results/phase1_5_shadow/full/qwen2.5-coder-7b/shadow_test/traces.jsonl","1","0.0","0.0","0.9191896840929985","0.0","0.0"
"arfa-qwen2.5-coder:7b-8k","shadow_test","intercode-nl2bash-fs1-032","False","4","5396","results/phase1_5_shadow/full/qwen2.5-coder-7b/shadow_test/traces.jsonl","3","0.0","0.12222222222222223","0.8065461466709772","0.0","0.3888888888888889"
"arfa-qwen2.5-coder:7b-8k","shadow_test","intercode-nl2bash-fs1-035","False","3","3331","results/phase1_5_shadow/full/qwen2.5-coder-7b/shadow_test/traces.jsonl","2","0.0","0.13333333333333333","0.6734483391046524","0.0","1.0"
"arfa-qwen2.5-coder:7b-8k","shadow_test","intercode-nl2bash-fs1-051","False","3","4521","results/phase1_5_shadow/full/qwen2.5-coder-7b/shadow_test/traces.jsonl","2","0.0","0.0","0.7016334533691406","0.0","0.0"
"arfa-qwen2.5-coder:7b-8k","shadow_test","intercode-nl2bash-fs1-057","False","3","3452","results/phase1_5_shadow/full/qwen2.5-coder-7b/shadow_test/traces.jsonl","2","0.0","0.08333333333333334","0.6788499355316162","0.0","0.08333333333333334"
"arfa-qwen2.5-coder:7b-8k","shadow_test","intercode-nl2bash-fs1-058","False","5","7965","results/phase1_5_shadow/full/qwen2.5-coder-7b/shadow_test/traces.jsonl","4","0.8000000000000002","0.8000000000000002","0.777498684823513","0.475","0.8000000000000002"
"arfa-qwen2.5-coder:7b-8k","shadow_test","intercode-nl2bash-fs2-008","False","3","3347","results/phase1_5_shadow/full/qwen2.5-coder-7b/shadow_test/traces.jsonl","2","0.0","0.13333333333333333","0.6826399639248848","0.0","1.0"
"arfa-qwen2.5-coder:7b-8k","shadow_test","intercode-nl2bash-fs2-009","True","2","2060","results/phase1_5_shadow/full/qwen2.5-coder-7b/shadow_test/traces.jsonl","1","0.0","0.0","0.9113819673657417","0.0","1.0"
"arfa-qwen2.5-coder:7b-8k","shadow_test","intercode-nl2bash-fs2-011","True","2","1936","results/phase1_5_shadow/full/qwen2.5-coder-7b/shadow_test/traces.jsonl","1","0.0","0.0","0.6924484670162201","0.0","0.0"
"arfa-qwen2.5-coder:7b-8k","shadow_test","intercode-nl2bash-fs2-012","False","5","7783","results/phase1_5_shadow/full/qwen2.5-coder-7b/shadow_test/traces.jsonl","4","0.8000000000000002","0.4000000000000001","0.6764634549617767","0.5","0.4000000000000001"
"arfa-qwen2.5-coder:7b-8k","shadow_test","intercode-nl2bash-fs2-019","False","2","2127","results/phase1_5_shadow/full/qwen2.5-coder-7b/shadow_test/traces.jsonl","1","0.0","0.0","0.4719517230987549","0.0","0.0"
"arfa-qwen2.5-coder:7b-8k","shadow_test","intercode-nl2bash-fs2-020","True","3","3381","results/phase1_5_shadow/full/qwen2.5-coder-7b/shadow_test/traces.jsonl","2","0.0","0.0","0.637370228767395","0.0","0.5"
"arfa-qwen2.5-coder:7b-8k","shadow_test","intercode-nl2bash-fs2-021","False","3","3396","results/phase1_5_shadow/full/qwen2.5-coder-7b/shadow_test/traces.jsonl","2","0.0","0.0","0.7926684767007828","0.0","0.5"
"arfa-qwen2.5-coder:7b-8k","shadow_test","intercode-nl2bash-fs2-025","False","2","2152","results/phase1_5_shadow/full/qwen2.5-coder-7b/shadow_test/traces.jsonl","1","0.0","0.0","0.6942590177059174","0.0","0.0"
"arfa-qwen2.5-coder:7b-8k","shadow_test","intercode-nl2bash-fs2-033","False","3","3297","results/phase1_5_shadow/full/qwen2.5-coder-7b/shadow_test/traces.jsonl","2","0.0","0.0","0.6607319638133049","0.0","1.0"
"arfa-qwen2.5-coder:7b-8k","shadow_test","intercode-nl2bash-fs2-040","False","2","1834","results/phase1_5_shadow/full/qwen2.5-coder-7b/shadow_test/traces.jsonl","1","0.0","0.0","0.9555743671953678","0.0","0.0"
"arfa-qwen2.5-coder:7b-8k","shadow_test","intercode-nl2bash-fs2-045","False","3","3705","results/phase1_5_shadow/full/qwen2.5-coder-7b/shadow_test/traces.jsonl","2","0.0","0.0","0.820247121155262","0.0","1.0"
"arfa-qwen2.5-coder:7b-8k","shadow_test","intercode-nl2bash-fs2-047","False","2","1874","results/phase1_5_shadow/full/qwen2.5-coder-7b/shadow_test/traces.jsonl","1","0.0","0.0","0.6364572048187256","0.0","0.0"
"arfa-qwen2.5-coder:7b-8k","shadow_test","intercode-nl2bash-fs2-050","True","2","1843","results/phase1_5_shadow/full/qwen2.5-coder-7b/shadow_test/traces.jsonl","1","0.5333333333333333","0.5333333333333333","0.8483822792768478","0.0","1.0"
"arfa-qwen2.5-coder:7b-8k","shadow_test","intercode-nl2bash-fs3-009","False","2","2055","results/phase1_5_shadow/full/qwen2.5-coder-7b/shadow_test/traces.jsonl","1","0.0","0.0","0.7765789330005646","0.0","0.0"
"arfa-qwen2.5-coder:7b-8k","shadow_test","intercode-nl2bash-fs3-012","False","3","3230","results/phase1_5_shadow/full/qwen2.5-coder-7b/shadow_test/traces.jsonl","2","0.0","0.0","0.7360988184809685","0.0","0.0"
"arfa-qwen2.5-coder:7b-8k","shadow_test","intercode-nl2bash-fs3-018","True","3","3294","results/phase1_5_shadow/full/qwen2.5-coder-7b/shadow_test/traces.jsonl","2","0.0","0.0","0.553166389465332","0.0","0.5"
"arfa-qwen2.5-coder:7b-8k","shadow_test","intercode-nl2bash-fs3-019","False","6","8986","results/phase1_5_shadow/full/qwen2.5-coder-7b/shadow_test/traces.jsonl","5","0.26666666666666666","0.12000000000000001","0.8503366321325302","0.0","0.6666666666666666"
"arfa-qwen2.5-coder:7b-8k","shadow_test","intercode-nl2bash-fs3-034","False","2","1837","results/phase1_5_shadow/full/qwen2.5-coder-7b/shadow_test/traces.jsonl","1","0.0","0.0","0.583105593919754","0.0","0.0"
"arfa-qwen2.5-coder:7b-8k","shadow_test","intercode-nl2bash-fs3-037","False","2","1950","results/phase1_5_shadow/full/qwen2.5-coder-7b/shadow_test/traces.jsonl","1","0.0","0.0","0.7922327220439911","0.0","0.0"
"arfa-qwen2.5-coder:7b-8k","shadow_test","intercode-nl2bash-fs3-038","False","7","13476","results/phase1_5_shadow/full/qwen2.5-coder-7b/shadow_test/traces.jsonl","6","0.0","0.27083333333333337","0.5603488783041636","0.375","0.7708333333333334"
"arfa-qwen2.5-coder:7b-8k","shadow_test","intercode-nl2bash-fs3-039","False","3","3552","results/phase1_5_shadow/full/qwen2.5-coder-7b/shadow_test/traces.jsonl","2","0.36363636363636365","0.18181818181818182","0.7243852615356445","0.1","0.18181818181818182"
"arfa-qwen2.5-coder:7b-8k","shadow_test","intercode-nl2bash-fs3-053","False","3","3194","results/phase1_5_shadow/full/qwen2.5-coder-7b/shadow_test/traces.jsonl","2","0.0","0.0","0.655158020555973","0.0","0.5"
"arfa-qwen2.5-coder:7b-8k","shadow_test","intercode-nl2bash-fs3-054","False","2","2099","results/phase1_5_shadow/full/qwen2.5-coder-7b/shadow_test/traces.jsonl","1","0.0","0.0","0.5567436218261719","0.0","0.0"
"arfa-qwen2.5-coder:7b-8k","shadow_test","intercode-nl2bash-fs4-002","False","4","5330","results/phase1_5_shadow/full/qwen2.5-coder-7b/shadow_test/traces.jsonl","3","0.8750000000000001","0.7638888888888891","0.7227198580900828","0.7000000000000001","0.7638888888888891"
"arfa-qwen2.5-coder:7b-8k","shadow_test","intercode-nl2bash-fs4-011","False","3","3262","results/phase1_5_shadow/full/qwen2.5-coder-7b/shadow_test/traces.jsonl","2","0.5333333333333333","0.5333333333333333","0.9913371400907636","0.0","0.5333333333333333"
"arfa-qwen2.5-coder:7b-8k","shadow_test","intercode-nl2bash-fs4-017","False","2","1816","results/phase1_5_shadow/full/qwen2.5-coder-7b/shadow_test/traces.jsonl","1","0.0","0.0","0.5970736443996429","0.0","0.0"
"arfa-qwen2.5-coder:7b-8k","shadow_test","intercode-nl2bash-fs4-021","False","4","5848","results/phase1_5_shadow/full/qwen2.5-coder-7b/shadow_test/traces.jsonl","3","0.0","0.5416666666666666","0.8219365080197653","0.5","0.5416666666666666"
"arfa-qwen2.5-coder:7b-8k","shadow_test","intercode-nl2bash-fs4-026","True","3","3122","results/phase1_5_shadow/full/qwen2.5-coder-7b/shadow_test/traces.jsonl","1","0.0","0.0","0.7881363928318024","0.0","0.0"
"arfa-qwen2.5-coder:7b-8k","shadow_validation","intercode-nl2bash-fs1-033","True","2","1884","results/phase1_5_shadow/full/qwen2.5-coder-7b/shadow_validation/traces.jsonl","1","0.0","0.0","0.8105669468641281","0.0","0.0"
"arfa-qwen2.5-coder:7b-8k","shadow_validation","intercode-nl2bash-fs1-048","False","2","2017","results/phase1_5_shadow/full/qwen2.5-coder-7b/shadow_validation/traces.jsonl","1","0.0","0.0","0.4463135004043579","0.0","0.0"
"arfa-qwen2.5-coder:7b-8k","shadow_validation","intercode-nl2bash-fs1-050","False","2","2048","results/phase1_5_shadow/full/qwen2.5-coder-7b/shadow_validation/traces.jsonl","1","0.0","0.0","0.8031517565250397","0.0","0.0"
"arfa-qwen2.5-coder:7b-8k","shadow_validation","intercode-nl2bash-fs1-055","False","3","3596","results/phase1_5_shadow/full/qwen2.5-coder-7b/shadow_validation/traces.jsonl","2","0.0","0.0","0.6988502442836761","0.0","0.0"
"arfa-qwen2.5-coder:7b-8k","shadow_validation","intercode-nl2bash-fs2-000","False","5","8539","results/phase1_5_shadow/full/qwen2.5-coder-7b/shadow_validation/traces.jsonl","4","0.0","0.0","0.5832227170467377","0.0","1.0"
"arfa-qwen2.5-coder:7b-8k","shadow_validation","intercode-nl2bash-fs2-029","False","4","5410","results/phase1_5_shadow/full/qwen2.5-coder-7b/shadow_validation/traces.jsonl","3","0.5416666666666667","0.18055555555555558","0.5629425396521887","0.3333333333333333","0.18055555555555558"
"arfa-qwen2.5-coder:7b-8k","shadow_validation","intercode-nl2bash-fs2-034","False","3","3575","results/phase1_5_shadow/full/qwen2.5-coder-7b/shadow_validation/traces.jsonl","2","0.0","0.0","0.804386131465435","0.0","0.0"
"arfa-qwen2.5-coder:7b-8k","shadow_validation","intercode-nl2bash-fs2-038","True","2","2226","results/phase1_5_shadow/full/qwen2.5-coder-7b/shadow_validation/traces.jsonl","1","0.0","0.0","0.6347734332084656","0.0","0.0"
"arfa-qwen2.5-coder:7b-8k","shadow_validation","intercode-nl2bash-fs2-043","False","2","2158","results/phase1_5_shadow/full/qwen2.5-coder-7b/shadow_validation/traces.jsonl","1","0.0","0.0","0.6758444905281067","0.0","0.0"
"arfa-qwen2.5-coder:7b-8k","shadow_validation","intercode-nl2bash-fs2-051","False","3","4953","results/phase1_5_shadow/full/qwen2.5-coder-7b/shadow_validation/traces.jsonl","2","0.0","0.0","0.8136211428791285","0.0","0.0"
"arfa-qwen2.5-coder:7b-8k","shadow_validation","intercode-nl2bash-fs3-000","False","3","3270","results/phase1_5_shadow/full/qwen2.5-coder-7b/shadow_validation/traces.jsonl","2","0.0","0.26666666666666666","0.7716849222779274","0.0","1.0"
"arfa-qwen2.5-coder:7b-8k","shadow_validation","intercode-nl2bash-fs3-010","False","2","1860","results/phase1_5_shadow/full/qwen2.5-coder-7b/shadow_validation/traces.jsonl","1","0.0","0.0","0.4840567111968994","0.0","0.0"
"arfa-qwen2.5-coder:7b-8k","shadow_validation","intercode-nl2bash-fs3-014","False","2","1866","results/phase1_5_shadow/full/qwen2.5-coder-7b/shadow_validation/traces.jsonl","1","0.0","0.0","0.5779698491096497","0.0","0.0"
"arfa-qwen2.5-coder:7b-8k","shadow_validation","intercode-nl2bash-fs3-040","True","2","1964","results/phase1_5_shadow/full/qwen2.5-coder-7b/shadow_validation/traces.jsonl","1","0.0","0.0","0.7205060124397278","0.0","0.0"
"arfa-qwen2.5-coder:7b-8k","shadow_validation","intercode-nl2bash-fs3-050","False","2","1880","results/phase1_5_shadow/full/qwen2.5-coder-7b/shadow_validation/traces.jsonl","1","0.33333333333333337","0.33333333333333337","0.9057599008083344","0.0","0.33333333333333337"
"arfa-qwen2.5-coder:7b-8k","shadow_validation","intercode-nl2bash-fs3-056","False","2","1958","results/phase1_5_shadow/full/qwen2.5-coder-7b/shadow_validation/traces.jsonl","1","0.16666666666666669","0.16666666666666669","0.9102651476860046","0.0","0.16666666666666669"
"arfa-qwen2.5-coder:7b-8k","shadow_validation","intercode-nl2bash-fs3-057","False","5","6817","results/phase1_5_shadow/full/qwen2.5-coder-7b/shadow_validation/traces.jsonl","4","0.0","0.26041666666666674","0.8097076751291752","0.1875","1.0"
"arfa-qwen2.5-coder:7b-8k","shadow_validation","intercode-nl2bash-fs3-059","False","3","3359","results/phase1_5_shadow/full/qwen2.5-coder-7b/shadow_validation/traces.jsonl","2","0.0","0.08333333333333334","0.4900738298892975","0.0","0.08333333333333334"
"arfa-qwen2.5-coder:7b-8k","shadow_validation","intercode-nl2bash-fs4-013","False","3","3329","results/phase1_5_shadow/full/qwen2.5-coder-7b/shadow_validation/traces.jsonl","2","0.8125","0.8125","0.5291651487350464","0.75","0.8125"
"arfa-qwen2.5-coder:7b-8k","shadow_validation","intercode-nl2bash-fs4-022","False","2","1762","results/phase1_5_shadow/full/qwen2.5-coder-7b/shadow_validation/traces.jsonl","1","0.36363636363636365","0.36363636363636365","0.8539408296346664","0.45","0.36363636363636365"
